{
	"partitions" : [
		{
			"name" : "Top",
			"pins" : [
				{
					"name" : "number[0]",
					"strict" : false
				},
				{
					"name" : "number[1]",
					"strict" : false
				},
				{
					"name" : "number[2]",
					"strict" : false
				},
				{
					"name" : "number[3]",
					"strict" : false
				},
				{
					"name" : "number[4]",
					"strict" : false
				},
				{
					"name" : "number[5]",
					"strict" : false
				},
				{
					"name" : "number[6]",
					"strict" : false
				},
				{
					"name" : "number[7]",
					"strict" : false
				},
				{
					"name" : "number[8]",
					"strict" : false
				},
				{
					"name" : "number[9]",
					"strict" : false
				},
				{
					"name" : "number[10]",
					"strict" : false
				},
				{
					"name" : "number[11]",
					"strict" : false
				},
				{
					"name" : "rollback",
					"strict" : false
				},
				{
					"name" : "clk",
					"strict" : false
				},
				{
					"name" : "reset",
					"strict" : false
				},
				{
					"name" : "take_number",
					"strict" : false
				}
			]
		}
	]
}