{
	"partitions" : [
		{
			"name" : "Top",
			"pins" : [
				{
					"name" : "y0[2][0]",
					"strict" : false
				},
				{
					"name" : "y0[2][1]",
					"strict" : false
				},
				{
					"name" : "y0[2][2]",
					"strict" : false
				},
				{
					"name" : "y0[2][3]",
					"strict" : false
				},
				{
					"name" : "y0[2][4]",
					"strict" : false
				},
				{
					"name" : "y0[2][5]",
					"strict" : false
				},
				{
					"name" : "y0[2][6]",
					"strict" : false
				},
				{
					"name" : "y0[2][7]",
					"strict" : false
				},
				{
					"name" : "y0[1][0]",
					"strict" : false
				},
				{
					"name" : "y0[1][1]",
					"strict" : false
				},
				{
					"name" : "y0[1][2]",
					"strict" : false
				},
				{
					"name" : "y0[1][3]",
					"strict" : false
				},
				{
					"name" : "y0[1][4]",
					"strict" : false
				},
				{
					"name" : "y0[1][5]",
					"strict" : false
				},
				{
					"name" : "y0[1][6]",
					"strict" : false
				},
				{
					"name" : "y0[1][7]",
					"strict" : false
				},
				{
					"name" : "y0[0][0]",
					"strict" : false
				},
				{
					"name" : "y0[0][1]",
					"strict" : false
				},
				{
					"name" : "y0[0][2]",
					"strict" : false
				},
				{
					"name" : "y0[0][3]",
					"strict" : false
				},
				{
					"name" : "y0[0][4]",
					"strict" : false
				},
				{
					"name" : "y0[0][5]",
					"strict" : false
				},
				{
					"name" : "y0[0][6]",
					"strict" : false
				},
				{
					"name" : "y0[0][7]",
					"strict" : false
				},
				{
					"name" : "y1[2][0]",
					"strict" : false
				},
				{
					"name" : "y1[2][1]",
					"strict" : false
				},
				{
					"name" : "y1[2][2]",
					"strict" : false
				},
				{
					"name" : "y1[2][3]",
					"strict" : false
				},
				{
					"name" : "y1[2][4]",
					"strict" : false
				},
				{
					"name" : "y1[2][5]",
					"strict" : false
				},
				{
					"name" : "y1[2][6]",
					"strict" : false
				},
				{
					"name" : "y1[2][7]",
					"strict" : false
				},
				{
					"name" : "y1[1][0]",
					"strict" : false
				},
				{
					"name" : "y1[1][1]",
					"strict" : false
				},
				{
					"name" : "y1[1][2]",
					"strict" : false
				},
				{
					"name" : "y1[1][3]",
					"strict" : false
				},
				{
					"name" : "y1[1][4]",
					"strict" : false
				},
				{
					"name" : "y1[1][5]",
					"strict" : false
				},
				{
					"name" : "y1[1][6]",
					"strict" : false
				},
				{
					"name" : "y1[1][7]",
					"strict" : false
				},
				{
					"name" : "y1[0][0]",
					"strict" : false
				},
				{
					"name" : "y1[0][1]",
					"strict" : false
				},
				{
					"name" : "y1[0][2]",
					"strict" : false
				},
				{
					"name" : "y1[0][3]",
					"strict" : false
				},
				{
					"name" : "y1[0][4]",
					"strict" : false
				},
				{
					"name" : "y1[0][5]",
					"strict" : false
				},
				{
					"name" : "y1[0][6]",
					"strict" : false
				},
				{
					"name" : "y1[0][7]",
					"strict" : false
				},
				{
					"name" : "y2[2][0]",
					"strict" : false
				},
				{
					"name" : "y2[2][1]",
					"strict" : false
				},
				{
					"name" : "y2[2][2]",
					"strict" : false
				},
				{
					"name" : "y2[2][3]",
					"strict" : false
				},
				{
					"name" : "y2[2][4]",
					"strict" : false
				},
				{
					"name" : "y2[2][5]",
					"strict" : false
				},
				{
					"name" : "y2[2][6]",
					"strict" : false
				},
				{
					"name" : "y2[2][7]",
					"strict" : false
				},
				{
					"name" : "y2[1][0]",
					"strict" : false
				},
				{
					"name" : "y2[1][1]",
					"strict" : false
				},
				{
					"name" : "y2[1][2]",
					"strict" : false
				},
				{
					"name" : "y2[1][3]",
					"strict" : false
				},
				{
					"name" : "y2[1][4]",
					"strict" : false
				},
				{
					"name" : "y2[1][5]",
					"strict" : false
				},
				{
					"name" : "y2[1][6]",
					"strict" : false
				},
				{
					"name" : "y2[1][7]",
					"strict" : false
				},
				{
					"name" : "y2[0][0]",
					"strict" : false
				},
				{
					"name" : "y2[0][1]",
					"strict" : false
				},
				{
					"name" : "y2[0][2]",
					"strict" : false
				},
				{
					"name" : "y2[0][3]",
					"strict" : false
				},
				{
					"name" : "y2[0][4]",
					"strict" : false
				},
				{
					"name" : "y2[0][5]",
					"strict" : false
				},
				{
					"name" : "y2[0][6]",
					"strict" : false
				},
				{
					"name" : "y2[0][7]",
					"strict" : false
				},
				{
					"name" : "reset",
					"strict" : false
				},
				{
					"name" : "hard_reset",
					"strict" : false
				},
				{
					"name" : "clk",
					"strict" : false
				},
				{
					"name" : "stall",
					"strict" : false
				},
				{
					"name" : "GO",
					"strict" : false
				},
				{
					"name" : "setup",
					"strict" : false
				},
				{
					"name" : "weights[0]",
					"strict" : false
				},
				{
					"name" : "weights[1]",
					"strict" : false
				},
				{
					"name" : "weights[2]",
					"strict" : false
				},
				{
					"name" : "weights[3]",
					"strict" : false
				},
				{
					"name" : "weights[4]",
					"strict" : false
				},
				{
					"name" : "weights[5]",
					"strict" : false
				},
				{
					"name" : "weights[6]",
					"strict" : false
				},
				{
					"name" : "weights[7]",
					"strict" : false
				},
				{
					"name" : "a_in[0]",
					"strict" : false
				},
				{
					"name" : "a_in[8]",
					"strict" : false
				},
				{
					"name" : "a_in[16]",
					"strict" : false
				},
				{
					"name" : "a_in[9]",
					"strict" : false
				},
				{
					"name" : "a_in[17]",
					"strict" : false
				},
				{
					"name" : "a_in[1]",
					"strict" : false
				},
				{
					"name" : "a_in[2]",
					"strict" : false
				},
				{
					"name" : "a_in[10]",
					"strict" : false
				},
				{
					"name" : "a_in[18]",
					"strict" : false
				},
				{
					"name" : "a_in[11]",
					"strict" : false
				},
				{
					"name" : "a_in[19]",
					"strict" : false
				},
				{
					"name" : "a_in[3]",
					"strict" : false
				},
				{
					"name" : "a_in[4]",
					"strict" : false
				},
				{
					"name" : "a_in[12]",
					"strict" : false
				},
				{
					"name" : "a_in[20]",
					"strict" : false
				},
				{
					"name" : "a_in[13]",
					"strict" : false
				},
				{
					"name" : "a_in[21]",
					"strict" : false
				},
				{
					"name" : "a_in[5]",
					"strict" : false
				},
				{
					"name" : "a_in[6]",
					"strict" : false
				},
				{
					"name" : "a_in[14]",
					"strict" : false
				},
				{
					"name" : "a_in[22]",
					"strict" : false
				},
				{
					"name" : "a_in[15]",
					"strict" : false
				},
				{
					"name" : "a_in[23]",
					"strict" : false
				},
				{
					"name" : "a_in[7]",
					"strict" : false
				},
				{
					"name" : "weights[8]",
					"strict" : false
				},
				{
					"name" : "weights[9]",
					"strict" : false
				},
				{
					"name" : "weights[10]",
					"strict" : false
				},
				{
					"name" : "weights[11]",
					"strict" : false
				},
				{
					"name" : "weights[12]",
					"strict" : false
				},
				{
					"name" : "weights[13]",
					"strict" : false
				},
				{
					"name" : "weights[14]",
					"strict" : false
				},
				{
					"name" : "weights[15]",
					"strict" : false
				},
				{
					"name" : "weights[16]",
					"strict" : false
				},
				{
					"name" : "weights[17]",
					"strict" : false
				},
				{
					"name" : "weights[18]",
					"strict" : false
				},
				{
					"name" : "weights[19]",
					"strict" : false
				},
				{
					"name" : "weights[20]",
					"strict" : false
				},
				{
					"name" : "weights[21]",
					"strict" : false
				},
				{
					"name" : "weights[22]",
					"strict" : false
				},
				{
					"name" : "weights[23]",
					"strict" : false
				}
			]
		}
	]
}